hidden,dropout,wd,mean_val_mae,seed_test_mean,seed_test_std,ensemble_test_mae,test_mae_seed0,test_mae_seed1,test_mae_seed2
"(32,)",0.2,0.0001,1.829,1.738,0.032,1.714,1.693,1.766,1.754
"(32,)",0.2,0.001,1.827,1.735,0.013,1.701,1.723,1.729,1.753
"(32,)",0.4,0.0001,1.82,1.743,0.02,1.719,1.729,1.729,1.771
"(32,)",0.4,0.001,1.817,1.741,0.023,1.717,1.729,1.721,1.772
"(64, 32)",0.2,0.0001,1.83,1.76,0.031,1.733,1.751,1.801,1.728
"(64, 32)",0.2,0.001,1.828,1.769,0.022,1.737,1.746,1.799,1.764
"(64, 32)",0.4,0.0001,1.797,1.77,0.018,1.751,1.795,1.758,1.757
"(64, 32)",0.4,0.001,1.798,1.758,0.023,1.738,1.784,1.728,1.763
"(128, 64)",0.2,0.0001,1.849,1.753,0.033,1.709,1.713,1.794,1.753
"(128, 64)",0.2,0.001,1.843,1.755,0.039,1.714,1.712,1.807,1.745
"(128, 64)",0.4,0.0001,1.812,1.76,0.019,1.717,1.766,1.734,1.78
"(128, 64)",0.4,0.001,1.811,1.753,0.019,1.71,1.762,1.726,1.77
