station,zero_mae,ridge_mae,skill_vs_own_zero
BASEL,2.3932,1.8272,0.2365
BUDAPEST,2.2637,1.7355,0.2333
DE_BILT,2.062,1.7126,0.1695
DRESDEN,2.497,1.7378,0.304
DUSSELDORF,2.3743,1.6989,0.2845
HEATHROW,1.7937,1.6733,0.0671
KASSEL,2.373,1.7099,0.2794
LJUBLJANA,2.2937,1.795,0.2174
MAASTRICHT,2.4052,1.7265,0.2822
MALMO,1.5352,1.3055,0.1496
MONTELIMAR,2.4202,1.8607,0.2312
MUENCHEN,2.9139,1.9977,0.3144
OSLO,2.1891,1.8936,0.135
PERPIGNAN,2.3675,1.966,0.1696
ROMA,1.4896,1.2986,0.1282
SONNBLICK,1.9724,1.41,0.2851
STOCKHOLM,1.7601,1.5347,0.1281
TOURS,2.2527,1.802,0.2001
